type,processes,time
serial,1,21.037051916122437
mpi,2,18.774283
mpi,4,16.399016
mpi,8,16.846493
